Title,Category,Published
"Aurélien Tchouaméni, milieu du Real Madrid, avant le match contre Lille : « Peut-être que je n'ai pas encore montré ma meilleure version »","Foot, Ligue des champions, Real","Tue, 01 Oct 2024 20:10:19 +0200"
« Mbappé pourrait débuter contre Lille » selon l'entraîneur du Real Madrid Carlo Ancelotti,"Foot, Ligue des champions, Real","Tue, 01 Oct 2024 20:00:40 +0200"
L'ouverture du score de Sima pour Brest face à Salzbourg en vidéo,"Foot, Ligue des champions, Brest","Tue, 01 Oct 2024 19:25:09 +0200"
"La composition du PSG contre Arsenal : Désiré Doué titulaire, Gianluigi Donnarumma titulaire","Foot, Ligue des champions, PSG","Tue, 01 Oct 2024 19:13:57 +0200"
"Transferts : sans club depuis son départ de Salzbourg, Oumar Solet rebondit à l'Udinese","Foot, Transferts, Serie A","Tue, 01 Oct 2024 18:48:44 +0200"
"Le PSG perd encore en Youth League, face à Arsenal","Foot, Youth League","Tue, 01 Oct 2024 18:42:29 +0200"
Les Brestois Chardonnet et Faivre remplaçants face à Salzbourg en Ligue des champions,"Foot, Ligue des champions, Brest","Tue, 01 Oct 2024 18:14:41 +0200"
Le Lensois Martin Satriano gravement blessé au genou gauche,"Foot, Ligue 1, Lens","Tue, 01 Oct 2024 18:02:31 +0200"
Le Sénégalais Cheikh N'Doye signe à l'AS Cannes en National 2,"Foot, National 2","Tue, 01 Oct 2024 17:59:57 +0200"
"Victime d'un traumatisme crânien, Robin Le Normand forfait pour Benfica-Atlético","Foot, Ligue des champions, Atlético","Tue, 01 Oct 2024 17:55:59 +0200"
"« Au Bayern, ce n'était pas le vrai Dinamo », Adi Hütter s'attend à une réaction de Zagreb contre Monaco","Foot, Ligue des champions, Monaco","Tue, 01 Oct 2024 17:54:08 +0200"
Brest s'incline lourdement face au RB Salzbourg en Youth League,"Foot, Youth League","Tue, 01 Oct 2024 17:34:16 +0200"
Le milieu de terrain d'Arsenal Martin Odegaard toujours pas rétabli,"Foot, Ligue des nations","Tue, 01 Oct 2024 17:21:15 +0200"
L'Italie candidate à l'organisation de l'Euro féminin 2029,"Foot, Euro 2029 (F)","Tue, 01 Oct 2024 16:56:00 +0200"
Thomas Meunier avant Lille-Real Madrid en Ligue des champions : « Pas besoin d'être Ronaldo et Messi »,"Foot, Ligue des champions, Lille","Tue, 01 Oct 2024 16:37:50 +0200"
« On a tout à gagner » assure Bruno Genesio avant Lille-Real Madrid,"Foot, Ligue des champions, Lille","Tue, 01 Oct 2024 16:33:01 +0200"
Nantes privé de Johann Lepenant contre l'OL pour la 7e journée de Ligue 1,"Foot, Ligue 1","Tue, 01 Oct 2024 15:55:45 +0200"
Cyril Linette démissionne du conseil d'administration de la LFP,"Foot, LFP","Tue, 01 Oct 2024 15:37:46 +0200"
Frenkie de Jong de retour avec le FC Barcelone cinq mois après sa blessure,"Foot, Ligue des champions","Tue, 01 Oct 2024 14:28:26 +0200"
Borussia Dortmund - Celtic Glasgow : sur quelle chaîne voir le match de la Ligue des champions ?,"Foot, Ligue des champions","Tue, 01 Oct 2024 14:02:22 +0200"
Le car de l'OL dégradé par supporters du PSG en traversant la Manche,"Foot, Ligue Europa","Tue, 01 Oct 2024 13:42:13 +0200"
Cristiano Ronaldo : « Je ne cours plus après les records individuels »,"Foot, Ligue des champions AFC","Tue, 01 Oct 2024 12:57:46 +0200"
Bayer Leverkusen - AC Milan : sur quelle chaîne voir le match de la Ligue des champions ?,"Foot, Ligue des champions","Tue, 01 Oct 2024 12:04:04 +0200"
Un supporter de l'OL dénonce des débordements racistes d'une frange des ultras lyonnais à Toulouse,"Foot, L1","Tue, 01 Oct 2024 11:56:29 +0200"
RB Salzbourg - Brest : sur quelle chaîne voir le match de la Ligue des champions ?,"Foot, Ligue des champions","Tue, 01 Oct 2024 11:30:54 +0200"
Andrés Iniesta devrait annoncer sa retraite le 8 octobre,"Foot, Espagne","Tue, 01 Oct 2024 11:15:11 +0200"
Arsenal - PSG : sur quelle chaîne voir le match de la Ligue des champions ?,"Foot, Ligue des champions","Tue, 01 Oct 2024 10:55:15 +0200"
"Pour Mathieu Valbuena, l'OM peut « jouer le titre avec Paris » en Ligue 1","Foot, Ligue 1","Tue, 01 Oct 2024 10:41:33 +0200"
FC Barcelone - Young Boys Berne : sur quelle chaîne voir le match de la Ligue des champions ?,"Foot, Ligue des champions","Tue, 01 Oct 2024 10:28:53 +0200"
Bordeaux éliminé sur tapis vert de la Coupe de France ?,"Foot, Coupe","Tue, 01 Oct 2024 09:21:15 +0200"
"Effectif avec 80 % de jeunes joueurs, fin de son hégémonie en Autriche : Salzbourg a réduit son tempo","Foot, Ligue des champions","Tue, 01 Oct 2024 09:15:27 +0200"
"Devenu l'égal de Paolo Maldini au nombre de buts à Milan, Theo Hernandez a-t-il lancé sa saison ?","Foot, Ligue des champions, AC Milan","Tue, 01 Oct 2024 08:25:00 +0200"
"L'ambiance après le silence : en quelques années, Mikel Arteta a réveillé les tribunes de l'Emirates Stadium","Foot, Ligue des champions, Arsenal","Tue, 01 Oct 2024 08:10:00 +0200"
L'hommage de Paul Pogba à Griezmann,"Foot, Bleus","Tue, 01 Oct 2024 08:03:56 +0200"
Programme TV foot : à quelle heure et sur quelle chaîne voir les matchs de ce soir (1er octobre 2024) ?,Foot,"Tue, 01 Oct 2024 07:55:30 +0200"
"Vainqueur de Las Palmas, Villarreal grimpe sur le podium de la Liga","Foot, Liga","Mon, 30 Sep 2024 23:23:22 +0200"
Guingamp s'impose face à Caen et monte sur le podium de Ligue 2,"Foot, Ligue 2","Mon, 30 Sep 2024 22:56:19 +0200"
"Ethan Mbappé : « Mon rêve de rencontrer mon frère en Ligue des champions s'éloigne, mais ne disparaît pas »","Foot, Ligue des champions, LOSC","Mon, 30 Sep 2024 22:48:56 +0200"
« Je mesure la chance qui a été la mienne de l'entraîner » : Guy Stéphan rend hommage à Antoine Griezmann,"Foot, Bleus","Mon, 30 Sep 2024 20:43:30 +0200"
"Suspendu après des gestes offensants, Emiliano Martinez fait son mea culpa","Foot, Argentine","Mon, 30 Sep 2024 20:07:35 +0200"
Luis Enrique sur Ousmane Dembélé avant Arsenal-PSG : « Si quelqu'un ne respecte pas les obligations envers l'équipe... »,"Foot, Ligue des champions, PSG","Mon, 30 Sep 2024 19:10:46 +0200"
Ethan Mbappé (LOSC) touché au quadriceps et absent face au Real Madrid,"Foot, Ligue des champions, LOSC","Mon, 30 Sep 2024 19:08:43 +0200"
La FIFA interdit à Samuel Eto'o d'assister aux matches du Cameroun pendant six mois,"Foot, Cameroun","Mon, 30 Sep 2024 18:53:08 +0200"
"Pepijn Lijnders, entraîneur du Red Bull Salzbourg : « Brest a quelques armes »","Foot, Ligue des champions, Salzbourg","Mon, 30 Sep 2024 18:45:31 +0200"
Un supporter de l'Atlético de Madrid banni à vie après avoir lancé des projectiles face au Real,"Foot, Liga, Atlético","Mon, 30 Sep 2024 18:32:08 +0200"
Kenny Lala avant Salzbourg-Brest : « Il faut aller de l'avant »,"Foot, Ligue des champions, Brest","Mon, 30 Sep 2024 18:17:08 +0200"
Bernard Lions : « Griezmann figure au panthéon des plus grands joueurs de l'équipe de France »,"Foot, Bleus, Retraite","Mon, 30 Sep 2024 17:31:38 +0200"
"À 12 ans, Adam Qaroual, jeune du FC Barcelone, déjà approché par le célèbre agent Jorge Mendes","Foot, Barça","Mon, 30 Sep 2024 16:46:41 +0200"
La réaction de Kylian Mbappé à l'annonce de la retraite internationale d'Antoine Griezmann,"Foot, Bleus","Mon, 30 Sep 2024 16:34:34 +0200"
L'Allemande Alexandra Popp met un terme à sa carrière internationale,"Foot, Allemagne (F)","Mon, 30 Sep 2024 16:21:17 +0200"
"Bruno Mauduit (ancien de Renault Sport), sur l'arrêt du programme moteurs F1 d'Alpine : « C'est dramatique et triste »","F1, Alpine","Mon, 30 Sep 2024 22:00:00 +0200"
L'arrêt du projet de moteur F1 Renault-Alpine pour 2026 est officialisé,"F1, Alpine","Mon, 30 Sep 2024 16:49:18 +0200"
Lewis Hamilton révèle s'être longuement battu avec la dépression,"F1, Mercedes","Mon, 30 Sep 2024 09:30:58 +0200"
Sergio Perez (Red Bull) admet avoir pensé à quitter la Formule 1,"F1, Red Bull","Fri, 27 Sep 2024 20:46:48 +0200"
"L'hommage des pilotes à Daniel Ricciardo, évincé par Racing Bulls avant la fin de la saison",F1,"Fri, 27 Sep 2024 12:20:27 +0200"
Daniel Ricciardo remplacé par Liam Lawson chez Racing Bulls,"F1, Racing Bulls","Thu, 26 Sep 2024 18:26:01 +0200"
"Par rapport à la saison dernière, Max Verstappen compte 135 points de moins après 18 courses, Lando Norris en a gagné 120",F1,"Thu, 26 Sep 2024 12:13:04 +0200"
Vers un procès pour tentative de chantage sur la famille de Michael Schumacher,F1,"Wed, 25 Sep 2024 23:56:13 +0200"
"McLaren recrute son directeur sportif, Will Courtenay, chez Red Bull",F1,"Tue, 24 Sep 2024 17:33:10 +0200"
Polémique F1 : pourquoi Racing Bulls a rendu service à Red Bull pour voler le point du meilleur tour à McLaren au GP de Singapour ?,"F1, GP de Singapour","Mon, 23 Sep 2024 17:03:04 +0200"
Donnez une note au GP de Singapour,"F1, GP de Singapour","Sun, 22 Sep 2024 18:48:56 +0200"
"Lando Norris, après sa victoire à Singapour : « La voiture était vraiment incroyable »","F1, GP de Singapour","Sun, 22 Sep 2024 16:33:40 +0200"
Lando Norris remporte le GP de Singapour devant Max Verstappen,"F1, GP de Singapour","Sun, 22 Sep 2024 15:47:21 +0200"
Charles Leclerc avant le Grand Prix de Singapour : « Il ne faut pas s'attendre à un miracle »,"F1, GP de Singapour","Sat, 21 Sep 2024 19:03:50 +0200"
Max Verstappen reste mutique en conférence de presse après les qualifications à Singapour,"F1, GP de Singapour","Sat, 21 Sep 2024 18:53:37 +0200"
"Lando Norris, après sa pole à Singapour : « J'ai de bonnes sensations dans la voiture »","F1, GP de Singapour","Sat, 21 Sep 2024 17:24:58 +0200"
Lando Norris partira en pole du Grand Prix de Singapour,"F1, GP de Singapour","Sat, 21 Sep 2024 16:21:27 +0200"
F1 Academy : Doriane Pin sur le podium de la course 1 à Singapour,"Auto, F1 Academy","Sat, 21 Sep 2024 13:14:06 +0200"
Lando Norris (McLaren) survole la troisième séance d'essais libres au GP de Singapour,"F1, GP de Singapour","Sat, 21 Sep 2024 12:55:25 +0200"
Pourquoi l'aileron arrière ou « mini DRS » de McLaren fait autant parler,"F1, GP de Singapour","Fri, 20 Sep 2024 22:19:35 +0200"
L'activité F1 de Viry-Châtillon reste sous la menace après la rencontre avec Luca de Meo,"F1, Alpine","Fri, 20 Sep 2024 19:49:58 +0200"
"Norris et Leclerc se montrent, les Red Bull souffrent lors des essais libres 2 au GP de Singapour","F1, GP de Singapour","Fri, 20 Sep 2024 16:13:50 +0200"
Charles Leclerc domine la première séance d'essais libres au Grand Prix de Singapour,"F1, GP de Singapour, EL1","Fri, 20 Sep 2024 12:57:05 +0200"
Quels scénarios pour que Max Verstappen ne soit pas champion du monde pour la quatrième fois d'affilée ?,F1,"Thu, 19 Sep 2024 13:09:47 +0200"
À quelle heure et sur quelle chaîne regarder le Grand Prix de Singapour ?,"F1, GP de Singapour","Wed, 18 Sep 2024 11:11:16 +0200"
Le père de Sergio Perez hospitalisé après le Grand Prix d'Azerbaïdjan,"F1, GP d'Azerbaïdjan","Tue, 17 Sep 2024 16:12:29 +0200"
Une quatrième zone DRS instaurée sur le circuit de Singapour,"F1, GP de Singapour","Tue, 17 Sep 2024 16:01:25 +0200"
"Luca de Meo, patron de Renault, va rencontrer les salariés de Viry-Châtillon","F1, Alpine","Tue, 17 Sep 2024 12:48:38 +0200"
Les essais hivernaux 2025 organisés à Bahreïn fin février,F1,"Mon, 16 Sep 2024 11:22:17 +0200"
"Max Verstappen (Red Bull), 5e du GP d'Azerbaïdjan : « Une course très mauvaise à nouveau »","F1, GP d'Azerbaïdjan","Sun, 15 Sep 2024 17:38:59 +0200"
"Oscar Piastri (McLaren), vainqueur du GP d'Azerbaïdjan : « Une des plus belles courses de ma carrière »","F1, GP d'Azerbaïdjan","Sun, 15 Sep 2024 17:10:39 +0200"
Donnez une note au GP d'Azerbaïdjan,"F1, GP d'Azerbaïdjan","Sun, 15 Sep 2024 15:46:44 +0200"
Le spectaculaire accrochage entre Carlos Sainz et Sergio Perez au GP d'Azerbaïdjan en vidéo,"F1, GP d'Azerbaïdjan","Sun, 15 Sep 2024 15:08:00 +0200"
"Piastri remporte le GP d'Azerbaïdjan, Sainz et Perez se percutent en fin de course","F1, GP d'Azerbaïdjan","Sun, 15 Sep 2024 14:45:32 +0200"
Lewis Hamilton partira des stands au GP d'Azerbaïdjan après un changement de moteur,"F1, GP d'Azerbaïdjan, Mercedes","Sun, 15 Sep 2024 10:27:03 +0200"
Franco Colapinto et Oliver Bearman ont montré qu'ils pouvaient rivaliser au Grand Prix d'Azerbaïdjan,"F1, GP d'Azerbaïdjan","Sun, 15 Sep 2024 08:24:00 +0200"
Max Verstappen (6e des qualifications du GP d'Azerbaïdjan) : « Je savais que ça allait être difficile »,"F1, GP d'Azerbaïdjan","Sat, 14 Sep 2024 17:24:15 +0200"
Charles Leclerc en pole position pour le GP d'Azerbaïdjan : « On a une meilleure voiture de course cette année »,"F1, GP d'Azerbaïdjan","Sat, 14 Sep 2024 17:03:51 +0200"
"Pierre Gasly (13e des qualifications au GP d'Azerbaïdjan) : « C'est compliqué, mais on va tout donner pour pouvoir se battre »","F1, GP d'Azerbaïdjan","Sat, 14 Sep 2024 16:46:20 +0200"
"Charles Leclerc (Ferrari) en pole du GP d'Azerbaïdjan, Lando Norris éliminé dès la Q1","F1, GP d'Azerbaïdjan","Sat, 14 Sep 2024 15:16:05 +0200"
Russell (Mercedes) meilleur temps des essais libres 3 du GP d'Azerbaïdjan,"F1, GP d'Azerbaïdjan","Sat, 14 Sep 2024 12:04:22 +0200"
Charles Leclerc devance de six millièmes Sergio Perez lors des essais libres 2 du GP d'Azerbaïdjan à Bakou,"F1, GP d'Azerbaïdjan","Fri, 13 Sep 2024 16:23:39 +0200"
Max Verstappen (Red Bull) domine la première séance d'essais libres à Bakou,"F1, GP d'Azerbaidjan","Fri, 13 Sep 2024 12:52:34 +0200"
F1 : Pato O'Ward disputera les essais libres 1 avec McLaren lors du Grand Prix du Mexique,"F1, GP du Mexique","Thu, 12 Sep 2024 09:38:36 +0200"
Honda et Alpine n'ont pas respecté le plafonnement budgétaire de la FIA,F1,"Wed, 11 Sep 2024 10:54:32 +0200"
Adrian Newey (Red Bull) rejoindra Aston Martin en 2025,F1,"Tue, 10 Sep 2024 12:00:00 +0200"
"Haas : Oliver Bearman va remplacer Kevin Magnussen, suspendu au Grand Prix d'Azerbaïdjan","F1, GP d'Azerbaïdjan","Fri, 06 Sep 2024 11:58:16 +0200"
Ferrari frappe fort avec les prochaines prises de fonctions de Jérôme d'Ambrosio et Loïc Serra dans son staff,"F1, Ferrari","Thu, 05 Sep 2024 10:18:38 +0200"
Christian Horner (Red Bull) : « Nous sommes dans un cercle vicieux »,"F1, Red Bull","Mon, 02 Sep 2024 14:12:48 +0200"
Donnez une note au GP d'Italie,"F1, GP d'Italie","Sun, 01 Sep 2024 18:51:21 +0200"
"Arthur Fils, vainqueur d'Ugo Humbert à Tokyo : « La finale a été folle »","Tennis, ATP, Tokyo","Tue, 01 Oct 2024 18:18:39 +0200"
"Ugo Humbert, battu par Arthur Fils en finale à Tokyo : « C'est super pour le tennis français »","Tennis, ATP, Tokyo","Tue, 01 Oct 2024 16:43:27 +0200"
Arthur Fils sauve une balle de match contre Ugo Humbert et remporte le tournoi de Tokyo,"Tennis, ATP, Tokyo","Tue, 01 Oct 2024 15:29:32 +0200"
Carlos Alcaraz domine Daniil Medvedev et se hisse en finale à Pékin,"Tennis, ATP, Pékin","Tue, 01 Oct 2024 11:50:56 +0200"
Paula Badosa et Shuai Zhang qualifiées pour les quarts de finale à Pékin,"Tennis, WTA, Pékin","Tue, 01 Oct 2024 09:07:23 +0200"
Nicolas Mahut excité par la finale entre Humbert et Fils à Tokyo : « Ça va créer une vraie émulation »,"Tennis, ATP, Tokyo","Tue, 01 Oct 2024 07:50:00 +0200"
Le tirage au sort du Masters 1000 de Shanghai place Jannik Sinner et Carlos Alcaraz dans la même moitié du tableau,"Tennis, ATP, Shanghai","Tue, 01 Oct 2024 07:37:25 +0200"
Jannik Sinner rejoint Carlos Alcaraz et Daniil Medvedev dans le dernier carré à Pékin,"Tennis, ATP, Pékin","Mon, 30 Sep 2024 18:24:20 +0200"
Arthur Fils après sa victoire contre Holger Rune à Tokyo : « Un tennis de fous ! »,"Tennis, ATP, Tokyo","Mon, 30 Sep 2024 17:24:38 +0200"
"« Je continue à apprendre » : Ugo Humbert, qualifié en finale à Tokyo","Tennis, ATP, Tokyo","Mon, 30 Sep 2024 15:59:02 +0200"
Arthur Fils s'offre Holger Rune et rejoint Ugo Humbert en finale à Tokyo,"Tennis, ATP, Tokyo","Mon, 30 Sep 2024 15:54:38 +0200"
Ugo Humbert domine Tomas Machac et se hisse en finale à Tokyo,"Tennis, ATP, Tokyo","Mon, 30 Sep 2024 13:28:43 +0200"
Carlos Alcaraz domine Karen Khachanov et rejoint Daniil Medvedev en demi-finales à Pékin,"Tennis, ATP, Pékin","Mon, 30 Sep 2024 12:49:30 +0200"
"Qualifiée pour les huitièmes de finale, Naomi Osaka va retrouver Coco Gauff","Tennis, WTA, Pékin","Mon, 30 Sep 2024 10:01:45 +0200"
Arthur Fils élimine Ben Shelton au terme d'un long combat et se qualifie pour les demi-finales à Tokyo,"Tennis, ATP, Tokyo","Sun, 29 Sep 2024 16:56:03 +0200"
Carlos Alcaraz expédie son 2e tour face à Tallon Griekspoor et file en quarts de finale à Pékin,"Tennis, ATP, Pékin","Sun, 29 Sep 2024 14:32:23 +0200"
30 000 euros en bijoux et argent liquide dérobés dans l'enceinte de Roland-Garros,"Tennis, Roland-Garros","Sun, 29 Sep 2024 12:52:29 +0200"
"« Je me sens bien », se réjouit Ugo Humbert après sa qualification pour les demi-finales à Tokyo","Tennis, ATP, Tokyo","Sun, 29 Sep 2024 11:25:51 +0200"
Ugo Humbert déborde Jack Draper puis profite de son abandon pour rallier les demi-finales à Tokyo,"Tennis, ATP, Tokyo","Sun, 29 Sep 2024 10:41:24 +0200"
Adrian Mannarino éliminé au deuxième tour à Pékin par Daniil Medvedev,"Tennis, ATP, Pékin","Sat, 28 Sep 2024 17:08:36 +0200"
"Jannik Sinner, au sujet de l'appel formulé par l'AMA à son encontre : « Très déçu et surpris »","Tennis, Dopage","Sat, 28 Sep 2024 13:35:30 +0200"
Sinner vainqueur de Safiullin à Pékin dans un contexte troublé par l'appel de l'AMA à son sujet,"Tennis, ATP, Pékin","Sat, 28 Sep 2024 11:53:54 +0200"
L'AMA fait appel dans le dossier Jannik Sinner et demande une suspension d'un à deux ans,"Tennis, Dopage","Sat, 28 Sep 2024 09:49:10 +0200"
Clara Burel éliminée par Coco Gauff au deuxième tour à Pékin,"Tennis, WTA","Fri, 27 Sep 2024 17:46:10 +0200"
"Voyage vers l'Asie, décalage horaire, changement de surface : la délicate transition des joueurs après la Laver Cup","Tennis, ATP","Fri, 27 Sep 2024 16:48:37 +0200"
Ugo Humbert écarte facilement Brandon Nakashima et se hisse en quarts de finale de l'ATP 500 de Tokyo,"Tennis, ATP, Tokyo Indoor","Fri, 27 Sep 2024 14:34:59 +0200"
"« J'ai laissé le tennis me consumer » : épuisée mentalement, Caroline Garcia met un terme à sa saison","Tennis, WTA","Fri, 27 Sep 2024 13:20:20 +0200"
Arthur Fils en quarts à Tokyo après l'abandon de Matteo Berrettini,"Tennis, ATP, Tokyo Indoor","Fri, 27 Sep 2024 13:10:23 +0200"
Sara Sorribes Tormo a remporté le quatrième match le plus long de l'ère Open,"Tennis, WTA, Pékin","Fri, 27 Sep 2024 12:34:05 +0200"
Giovanni Mpetshi Perricard impuissant face à Carlos Alcaraz à l'ATP 500 de Pékin,"Tennis, ATP, Pékin","Fri, 27 Sep 2024 10:54:14 +0200"
Gaël Monfils et Arthur Rinderknech battus dès le premier tour à Pékin,"Tennis, ATP, Pékin","Fri, 27 Sep 2024 08:56:49 +0200"
"C'est déjà fini pour Tsitsipas, Ruud, Tiafoe et Auger-Aliassime à Tokyo","Tennis, ATP, Tokyo","Thu, 26 Sep 2024 19:26:14 +0200"
Arthur Fils fait plier le 7e mondial Taylor Fritz à Tokyo,"Tennis, ATP, Tokyo","Thu, 26 Sep 2024 12:35:48 +0200"
"Après 24 défaites d'affilée, la Chinoise Zhang Shuai retrouve la victoire à Pékin","Tennis, WTA, Pékin","Wed, 25 Sep 2024 15:59:25 +0200"
« J'aime sa façon d'entraîner » : Naomi Osaka officialise sa collaboration avec Patrick Mouratoglou,"Tennis, WTA, Pékin","Wed, 25 Sep 2024 15:42:37 +0200"
"« Essayer de finir la saison sans blessure », Gaël Monfils, avant l'Open de Chine","Tennis, ATP, Pékin","Wed, 25 Sep 2024 15:00:22 +0200"
Ugo Humbert surclasse Shintaro Mochizuki et se qualifie pour le 2e tour à Tokyo,"Tennis, ATP, Tokyo","Wed, 25 Sep 2024 14:43:55 +0200"
"Alcaraz, Medvedev, Fritz... Du lourd d'entrée pour les Français à Pékin et Tokyo","Tennis, ATP","Tue, 24 Sep 2024 16:56:18 +0200"
"À Hangzhou, Marin Cilic décroche le tournoi et un record devenant le joueur le moins bien classé titré (777e)","Tennis, ATP, Hangzhou","Tue, 24 Sep 2024 16:38:33 +0200"
Juncheng Shang décroche à Chengdu son premier titre ATP,"Tennis, ATP, Chengdu","Tue, 24 Sep 2024 15:18:30 +0200"
"« En compétition, Rafa est capable de tout » : David Ferrer, le capitaine de l'Espagne de Coupe Davis, ravi du retour de Nadal","Tennis, Coupe Davis","Tue, 24 Sep 2024 12:43:03 +0200"
"Blessée au pied, Emma Raducanu déclare forfait pour le tournoi de Pékin","Tennis, WTA","Tue, 24 Sep 2024 11:55:42 +0200"
Rafael Nadal sélectionné avec l'Espagne pour le Final 8 de la Coupe Davis,Coupe Davis,"Mon, 23 Sep 2024 18:52:25 +0200"
Marin Cilic dispose de Brandon Nakashima et se qualifie en finale à Hangzhou,"Tennis, ATP","Mon, 23 Sep 2024 16:39:16 +0200"
"Arthur Fils et Adrian Mannarino grimpent au classement ATP, Gaël Monfils recule","Tennis, ATP","Mon, 23 Sep 2024 14:39:28 +0200"
Beatriz Haddad Maia se rapproche du top 10 au classement WTA,"Tennis, WTA","Mon, 23 Sep 2024 14:01:08 +0200"
Carlos Alcaraz offre la victoire à l'Europe en Laver Cup,"Tennis, Laver Cup","Sun, 22 Sep 2024 22:00:02 +0200"
Elena Rybakina déclare forfait pour la tournée asiatique,"Tennis, WTA","Sun, 22 Sep 2024 21:40:51 +0200"
Zverev maintient l'Europe en vie en Laver Cup en s'imposant face à Frances Tiafoe,"Tennis, Laver Cup","Sun, 22 Sep 2024 20:19:31 +0200"
"Daniil Medvedev après son jet de raquette qui aurait pu lui valoir une disqualification : « J'ai eu de la chance, je n'ai touché personne »","Tennis, Laver Cup","Sun, 22 Sep 2024 19:27:06 +0200"
Nicolas Batum sur les Jeux Olympiques de Paris : « C'est la chose la plus folle de ma vie »,"Basket, Bleus","Tue, 01 Oct 2024 18:46:44 +0200"
Kyrie Irving et Luka Doncic (Dallas Mavericks) enthousiasmés par l'arrivée de Klay Thompson,"Basket, NBA, Mavericks","Tue, 01 Oct 2024 13:38:18 +0200"
"« C'est de l'attente, de la joie pure » : pour sa 22e saison en NBA, LeBron James impatient de jouer avec son fils Bronny","Basket, NBA, Lakers","Tue, 01 Oct 2024 00:26:22 +0200"
Rudy Gobert (Minnesota Timberwolves) : « Towns va vraiment nous manquer »,"Basket, NBA, Timberwolves","Tue, 01 Oct 2024 00:11:57 +0200"
"À seulement 21 ans, AJ Griffin prend sa retraite pour devenir pasteur","Basket, NBA","Mon, 30 Sep 2024 19:15:46 +0200"
"Dikembe Mutombo, élu quatre fois meilleur défenseur de l'année en NBA, est mort","Basket, NBA","Mon, 30 Sep 2024 16:59:34 +0200"
beIN Sports continuera de diffuser la NBA cette saison,"Basket, Médias","Sat, 28 Sep 2024 15:22:53 +0200"
Terance Mann prolonge de trois ans son contrat avec les Los Angeles Clippers,"Basket, NBA, Clippers","Sat, 28 Sep 2024 09:39:22 +0200"
NBA : les Wolves envoient Karl-Anthony Towns aux Knicks contre Julius Randle et Donte DiVincenzo,"Basket, NBA","Sat, 28 Sep 2024 08:14:22 +0200"
« Cinq Majeur » sur Netflix : plongée dans les coulisses de la NBA et ses cinq superstars,"Basket, NBA","Fri, 27 Sep 2024 13:26:10 +0200"
"Plus jeune MVP de l'histoire, Derrick Rose prend sa retraite","Basket, NBA","Thu, 26 Sep 2024 12:52:30 +0200"
Kawhi Leonard (Clippers) incertain pour le début de saison NBA,"Basket, NBA, Clippers","Wed, 25 Sep 2024 08:12:59 +0200"
"Vince Carter, première légende au panthéon des Raptors","Basket, NBA","Tue, 24 Sep 2024 19:16:36 +0200"
Mediawan lance un label sport et s'associe à LeBron James,Médias,"Tue, 24 Sep 2024 16:30:00 +0200"
"Le vice-président des Minnesota Timberwolves et spécialistes des datas, Sachin Gupta, rejoint Chelsea","Basket, NBA","Tue, 24 Sep 2024 11:54:24 +0200"
NBA : l'ancien MVP Derrick Rose coupé par les Memphis Grizzlies,"Basket, NBA","Tue, 24 Sep 2024 10:48:02 +0200"
Les Raptors de Toronto vont retirer le maillot de Vince Carter,"Basket, NBA","Mon, 23 Sep 2024 17:08:51 +0200"
Joel Embiid va prolonger son contrat avec Philadelphie jusqu'en 2029,"Basket, NBA","Fri, 20 Sep 2024 14:37:14 +0200"
Le maillot de Vince Carter sera retiré le 25 janvier par les Nets,"Basket, NBA","Thu, 19 Sep 2024 17:59:33 +0200"
NBA : les Sixers restent finalement à Philadelphie,"Basket, NBA","Thu, 19 Sep 2024 13:31:59 +0200"
"Victor Wembanyama parmi les 50 figures les plus influentes du sport, d'après Sports Illustrated","Basket, Médias","Thu, 19 Sep 2024 11:41:56 +0200"
"Journaliste phare d'ESPN, Adrian Wojnarowski annonce sa retraite médiatique","Basket, NBA","Wed, 18 Sep 2024 17:55:46 +0200"
"Boban Marjanovic va faire son retour en Europe, à Fenerbahçe","Basket, Turquie","Tue, 17 Sep 2024 17:33:16 +0200"
Marcus Morris aux New York Knicks,"Basket, NBA","Tue, 17 Sep 2024 17:00:33 +0200"
Le Miami Heat soutient la communauté haïtienne après les propos choquants de Donald Trump,"Basket, NBA","Tue, 17 Sep 2024 15:50:35 +0200"
"Carroll Dawson, ancien manager général des Houston Rockets, est mort","Basket, NBA, Disparition","Tue, 10 Sep 2024 12:35:32 +0200"
David Bertans quitte la NBA après huit saisons pour rejoindre le Dubaï Basketball Club,"Basket, NBA","Tue, 10 Sep 2024 12:11:17 +0200"
NBA : Kenny Atkinson voulait Vincent Collet à Cleveland,"Basket, NBA","Mon, 09 Sep 2024 16:04:56 +0200"
Jamal Murray et les Denver Nuggets s'entendent sur une prolongation de 4 ans et 208 millions de dollars,"Basket, NBA","Sun, 08 Sep 2024 08:31:07 +0200"
Droits TV de la NBA : beIN Sports confiante pour le renouvellement de son contrat,"Basket, NBA, Droits TV","Fri, 06 Sep 2024 10:40:08 +0200"
Rudy Gobert recadre Shaquille O'Neal après des nouvelles critiques à son encontre,"Basket, NBA","Fri, 06 Sep 2024 00:19:04 +0200"
Stephen Curry prolonge d'une saison avec les Warriors,"Basket, NBA","Thu, 29 Aug 2024 19:05:14 +0200"
"Attendu aux Philadelphie Sixers en NBA, Guerschon Yabusele officialise son départ du Real Madrid",Basket,"Thu, 29 Aug 2024 15:58:55 +0200"
"Avec Yabusele, 15 Français sur la ligne de départ en NBA","Basket, NBA","Wed, 21 Aug 2024 07:40:00 +0200"
Steve Kerr apporte son soutien à Kamala Harris en imitant la célébration de Stephen Curry,"Basket, NBA","Tue, 20 Aug 2024 12:30:40 +0200"
Guerschon Yabusele devrait rejoindre les Philadelphia Sixers,"Basket, NBA","Sun, 18 Aug 2024 18:46:21 +0200"
Le calendrier NBA de la saison régulière 2024-2025 dévoilé,"Basket, NBA","Fri, 16 Aug 2024 09:56:38 +0200"
L'arrière américain Joe Harris prend sa retraite à 32 ans,"Basket, NBA","Thu, 15 Aug 2024 19:16:09 +0200"
Celtics-Knicks et Lakers-Timberwolves seront les matches d'ouverture de la saison 2024-2025 de NBA,NBA,"Mon, 12 Aug 2024 19:16:26 +0200"
Lauri Markkanen prolonge avec Utah Jazz pour cinq ans,"Basket, NBA, Utah Jazz","Wed, 07 Aug 2024 17:30:54 +0200"
"Après 14 saisons en NBA, Gordon Hayward annonce sa retraite","Basket, NBA","Thu, 01 Aug 2024 16:40:52 +0200"
Jarrett Allen prolonge pour trois ans et 91 millions de dollars avec les Cleveland Cavaliers,"Basket, NBA, Cleveland","Thu, 01 Aug 2024 01:05:54 +0200"
NBA : Russell Westbrook recruté deux saisons par les Denver Nuggets,"Basket, NBA","Fri, 26 Jul 2024 20:39:33 +0200"
"Coupé par Detroit en février, Killian Hayes signe chez les Nets de Brooklyn pour une saison","Basket, Transferts","Fri, 26 Jul 2024 09:50:05 +0200"
Amazon Prime Video obtient une partie des droits TV de la NBA en France pour 2025-2036,"Basket, NBA, Médias","Thu, 25 Jul 2024 12:37:12 +0200"
La NBA signe un énorme contrat de 2025 à 2036 pour 76 milliards de dollars aux États-Unis,"Basket, NBA, Droits TV","Thu, 25 Jul 2024 00:53:20 +0200"
"Le Miami Heat remporte la NBA Summer League, Jalen Wilson MVP","Basket, NBA, Summer League","Tue, 23 Jul 2024 08:28:02 +0200"
Moussa Diabaté et Théo Maledon à leur avantage en Summer League,"Basket, NBA, Summer League","Mon, 22 Jul 2024 15:54:50 +0200"
Evan Mobley prolonge pour cinq ans et 224 millions de dollars avec les Cleveland Cavaliers,"Basket, NBA, Cleveland","Sun, 21 Jul 2024 13:34:32 +0200"
Armel Traoré et Mohamed Diarra se montrent en Summer League avec les Los Angeles Lakers,"Basket, NBA, Summer League","Sun, 21 Jul 2024 09:40:00 +0200"
